,Links
0,http://doxydonkey.blogspot.com/search?updated-max=2017-05-23T19:53:00-07:00&max-results=7
1,http://doxydonkey.blogspot.com/search?updated-max=2017-05-14T19:02:00-07:00&max-results=7&start=7&by-date=false
2,http://doxydonkey.blogspot.com/search?updated-max=2017-05-02T19:43:00-07:00&max-results=7&start=14&by-date=false
3,http://doxydonkey.blogspot.com/search?updated-max=2017-04-17T19:26:00-07:00&max-results=7&start=21&by-date=false
4,http://doxydonkey.blogspot.com/search?updated-max=2017-04-10T18:56:00-07:00&max-results=7&start=28&by-date=false
5,http://doxydonkey.blogspot.com/search?updated-max=2017-03-30T19:57:00-07:00&max-results=7&start=35&by-date=false
6,http://doxydonkey.blogspot.com/search?updated-max=2017-03-20T19:47:00-07:00&max-results=7&start=42&by-date=false
7,http://doxydonkey.blogspot.com/search?updated-max=2017-03-02T17:42:00-08:00&max-results=7&start=49&by-date=false
8,http://doxydonkey.blogspot.com/search?updated-max=2017-02-21T19:13:00-08:00&max-results=7&start=56&by-date=false
9,http://doxydonkey.blogspot.com/search?updated-max=2017-02-12T18:34:00-08:00&max-results=7&start=63&by-date=false
10,http://doxydonkey.blogspot.com/search?updated-max=2017-02-01T18:56:00-08:00&max-results=7&start=70&by-date=false
11,http://doxydonkey.blogspot.com/search?updated-max=2017-01-22T18:58:00-08:00&max-results=7&start=77&by-date=false
12,http://doxydonkey.blogspot.com/search?updated-max=2017-01-11T18:09:00-08:00&max-results=7&start=84&by-date=false
13,http://doxydonkey.blogspot.com/search?updated-max=2017-01-02T17:59:00-08:00&max-results=7&start=91&by-date=false
14,http://doxydonkey.blogspot.com/search?updated-max=2016-12-22T18:58:00-08:00&max-results=7&start=98&by-date=false
15,http://doxydonkey.blogspot.com/search?updated-max=2016-12-13T18:57:00-08:00&max-results=7&start=105&by-date=false
16,http://doxydonkey.blogspot.com/search?updated-max=2016-12-04T18:58:00-08:00&max-results=7&start=112&by-date=false
17,http://doxydonkey.blogspot.com/search?updated-max=2016-09-09T07:34:00-07:00&max-results=7&start=119&by-date=false
18,http://doxydonkey.blogspot.com/search?updated-max=2016-08-28T20:08:00-07:00&max-results=7&start=126&by-date=false
19,http://doxydonkey.blogspot.com/search?updated-max=2016-08-17T19:24:00-07:00&max-results=7&start=133&by-date=false
20,http://doxydonkey.blogspot.com/search?updated-max=2016-08-07T20:30:00-07:00&max-results=7&start=140&by-date=false
21,http://doxydonkey.blogspot.com/search?updated-max=2016-07-26T19:55:00-07:00&max-results=7&start=147&by-date=false
22,http://doxydonkey.blogspot.com/search?updated-max=2016-07-17T19:47:00-07:00&max-results=7&start=154&by-date=false
23,http://doxydonkey.blogspot.com/search?updated-max=2016-07-06T19:34:00-07:00&max-results=7&start=161&by-date=false
24,http://doxydonkey.blogspot.com/search?updated-max=2016-06-26T19:36:00-07:00&max-results=7&start=168&by-date=false
25,http://doxydonkey.blogspot.com/search?updated-max=2016-06-15T19:23:00-07:00&max-results=7&start=175&by-date=false
26,http://doxydonkey.blogspot.com/search?updated-max=2016-06-06T18:50:00-07:00&max-results=7&start=182&by-date=false
27,http://doxydonkey.blogspot.com/search?updated-max=2016-05-26T20:08:00-07:00&max-results=7&start=189&by-date=false
28,http://doxydonkey.blogspot.com/search?updated-max=2016-05-17T18:52:00-07:00&max-results=7&start=196&by-date=false
29,http://doxydonkey.blogspot.com/search?updated-max=2016-05-06T19:26:00-07:00&max-results=7&start=203&by-date=false
30,http://doxydonkey.blogspot.com/search?updated-max=2016-04-27T19:03:00-07:00&max-results=7&start=210&by-date=false
31,http://doxydonkey.blogspot.com/search?updated-max=2016-04-19T19:36:00-07:00&max-results=7&start=217&by-date=false
32,http://doxydonkey.blogspot.com/search?updated-max=2016-04-10T19:19:00-07:00&max-results=7&start=224&by-date=false
33,http://doxydonkey.blogspot.com/search?updated-max=2016-03-30T19:12:00-07:00&max-results=7&start=231&by-date=false
34,http://doxydonkey.blogspot.com/search?updated-max=2016-03-20T18:41:00-07:00&max-results=7&start=238&by-date=false
35,http://doxydonkey.blogspot.com/search?updated-max=2016-03-09T18:38:00-08:00&max-results=7&start=245&by-date=false
36,http://doxydonkey.blogspot.com/search?updated-max=2016-02-28T17:47:00-08:00&max-results=7&start=252&by-date=false
37,http://doxydonkey.blogspot.com/search?updated-max=2016-02-17T18:44:00-08:00&max-results=7&start=259&by-date=false
38,http://doxydonkey.blogspot.com/search?updated-max=2016-02-08T18:13:00-08:00&max-results=7&start=266&by-date=false
39,http://doxydonkey.blogspot.com/search?updated-max=2016-01-28T19:45:00-08:00&max-results=7&start=273&by-date=false
40,http://doxydonkey.blogspot.com/search?updated-max=2016-01-18T18:30:00-08:00&max-results=7&start=280&by-date=false
41,http://doxydonkey.blogspot.com/search?updated-max=2016-01-07T19:03:00-08:00&max-results=7&start=287&by-date=false
42,http://doxydonkey.blogspot.com/search?updated-max=2015-12-28T18:26:00-08:00&max-results=7&start=294&by-date=false
43,http://doxydonkey.blogspot.com/search?updated-max=2015-12-16T18:24:00-08:00&max-results=7&start=301&by-date=false
44,http://doxydonkey.blogspot.com/search?updated-max=2015-12-07T18:24:00-08:00&max-results=7&start=308&by-date=false
45,http://doxydonkey.blogspot.com/search?updated-max=2015-11-26T17:49:00-08:00&max-results=7&start=315&by-date=false
46,http://doxydonkey.blogspot.com/search?updated-max=2015-11-17T18:18:00-08:00&max-results=7&start=322&by-date=false
47,http://doxydonkey.blogspot.com/search?updated-max=2015-11-05T20:15:00-08:00&max-results=7&start=329&by-date=false
48,http://doxydonkey.blogspot.com/search?updated-max=2015-10-27T20:04:00-07:00&max-results=7&start=336&by-date=false
49,http://doxydonkey.blogspot.com/search?updated-max=2015-10-12T19:45:00-07:00&max-results=7&start=343&by-date=false
50,http://doxydonkey.blogspot.com/search?updated-max=2015-09-30T19:33:00-07:00&max-results=7&start=350&by-date=false
51,http://doxydonkey.blogspot.com/search?updated-max=2015-09-20T19:11:00-07:00&max-results=7&start=357&by-date=false
52,http://doxydonkey.blogspot.com/search?updated-max=2015-09-09T19:32:00-07:00&max-results=7&start=364&by-date=false
53,http://doxydonkey.blogspot.com/search?updated-max=2015-08-31T19:31:00-07:00&max-results=7&start=371&by-date=false
54,http://doxydonkey.blogspot.com/search?updated-max=2015-08-20T19:29:00-07:00&max-results=7&start=378&by-date=false
55,http://doxydonkey.blogspot.com/search?updated-max=2015-08-11T19:32:00-07:00&max-results=7&start=385&by-date=false
56,http://doxydonkey.blogspot.com/search?updated-max=2015-08-02T19:04:00-07:00&max-results=7&start=392&by-date=false
57,http://doxydonkey.blogspot.com/search?updated-max=2015-07-22T19:39:00-07:00&max-results=7&start=399&by-date=false
58,http://doxydonkey.blogspot.com/search?updated-max=2015-07-13T19:38:00-07:00&max-results=7&start=406&by-date=false
59,http://doxydonkey.blogspot.com/search?updated-max=2015-07-02T21:15:00-07:00&max-results=7&start=413&by-date=false
60,http://doxydonkey.blogspot.com/search?updated-max=2015-06-23T19:30:00-07:00&max-results=7&start=420&by-date=false
61,http://doxydonkey.blogspot.com/search?updated-max=2015-06-14T19:36:00-07:00&max-results=7&start=427&by-date=false
62,http://doxydonkey.blogspot.com/search?updated-max=2015-06-02T19:38:00-07:00&max-results=7&start=434&by-date=false
63,http://doxydonkey.blogspot.com/search?updated-max=2015-05-24T20:16:00-07:00&max-results=7&start=441&by-date=false
64,http://doxydonkey.blogspot.com/search?updated-max=2015-05-13T20:18:00-07:00&max-results=7&start=448&by-date=false
65,http://doxydonkey.blogspot.com/search?updated-max=2015-05-04T20:23:00-07:00&max-results=7&start=455&by-date=false
66,http://doxydonkey.blogspot.com/search?updated-max=2015-04-23T20:19:00-07:00&max-results=7&start=462&by-date=false
67,http://doxydonkey.blogspot.com/search?updated-max=2015-04-14T19:40:00-07:00&max-results=7&start=469&by-date=false
68,http://doxydonkey.blogspot.com/search?updated-max=2015-04-05T20:22:00-07:00&max-results=7&start=476&by-date=false
69,http://doxydonkey.blogspot.com/search?updated-max=2015-03-24T20:12:00-07:00&max-results=7&start=483&by-date=false
70,http://doxydonkey.blogspot.com/search?updated-max=2015-03-15T20:41:00-07:00&max-results=7&start=490&by-date=false
71,http://doxydonkey.blogspot.com/search?updated-max=2015-03-03T19:30:00-08:00&max-results=7&start=497&by-date=false
72,http://doxydonkey.blogspot.com/search?updated-max=2015-02-22T19:55:00-08:00&max-results=7&start=504&by-date=false
73,http://doxydonkey.blogspot.com/search?updated-max=2015-02-11T20:02:00-08:00&max-results=7&start=511&by-date=false
74,http://doxydonkey.blogspot.com/search?updated-max=2015-02-02T19:46:00-08:00&max-results=7&start=518&by-date=false
75,http://doxydonkey.blogspot.com/search?updated-max=2015-01-22T19:50:00-08:00&max-results=7&start=524&by-date=false
76,http://doxydonkey.blogspot.com/search?updated-max=2015-01-15T19:17:00-08:00&max-results=7&start=529&by-date=false
77,http://doxydonkey.blogspot.com/search?updated-max=2015-01-06T19:48:00-08:00&max-results=7&start=536&by-date=false
78,http://doxydonkey.blogspot.com/search?updated-max=2014-12-25T21:30:00-08:00&max-results=7&start=543&by-date=false
79,http://doxydonkey.blogspot.com/search?updated-max=2014-12-15T19:24:00-08:00&max-results=7&start=550&by-date=false
80,http://doxydonkey.blogspot.com/search?updated-max=2014-12-05T01:52:00-08:00&max-results=7&start=557&by-date=false
81,http://doxydonkey.blogspot.com/search?updated-max=2014-11-26T01:44:00-08:00&max-results=7&start=564&by-date=false
82,http://doxydonkey.blogspot.com/search?updated-max=2014-11-17T01:41:00-08:00&max-results=7&start=571&by-date=false
83,http://doxydonkey.blogspot.com/search?updated-max=2014-11-06T01:38:00-08:00&max-results=7&start=578&by-date=false
84,http://doxydonkey.blogspot.com/search?updated-max=2014-10-28T01:24:00-07:00&max-results=7&start=585&by-date=false
85,http://doxydonkey.blogspot.com/search?updated-max=2014-10-17T01:20:00-07:00&max-results=7&start=592&by-date=false
